{
  "Total" : {
    "transaction" : "Total",
    "sampleCount" : 3094,
    "errorCount" : 6,
    "errorPct" : 0.19392373,
    "meanResTime" : 3017.0866192630856,
    "medianResTime" : 2352.0,
    "minResTime" : 1055.0,
    "maxResTime" : 5745.0,
    "pct1ResTime" : 4896.0,
    "pct2ResTime" : 5149.0,
    "pct3ResTime" : 5499.05,
    "throughput" : 1.7169858961872815,
    "receivedKBytesPerSec" : 0.9025879563345071,
    "sentKBytesPerSec" : 0.43678152547593085
  },
  "HTTP Request" : {
    "transaction" : "HTTP Request",
    "sampleCount" : 3094,
    "errorCount" : 6,
    "errorPct" : 0.19392373,
    "meanResTime" : 3017.0866192630856,
    "medianResTime" : 2352.0,
    "minResTime" : 1055.0,
    "maxResTime" : 5745.0,
    "pct1ResTime" : 4896.0,
    "pct2ResTime" : 5149.0,
    "pct3ResTime" : 5499.05,
    "throughput" : 1.7169858961872815,
    "receivedKBytesPerSec" : 0.9025879563345071,
    "sentKBytesPerSec" : 0.43678152547593085
  }
}