{
  "Total" : {
    "transaction" : "Total",
    "sampleCount" : 1970,
    "errorCount" : 0,
    "errorPct" : 0.0,
    "meanResTime" : 5568.318781725888,
    "medianResTime" : 3747.0,
    "minResTime" : 2008.0,
    "maxResTime" : 29275.0,
    "pct1ResTime" : 9272.0,
    "pct2ResTime" : 18401.199999999993,
    "pct3ResTime" : 25704.0,
    "throughput" : 1.0777725013732025,
    "receivedKBytesPerSec" : 0.43845094104037324,
    "sentKBytesPerSec" : 0.27470568638516196
  },
  "HTTP Request" : {
    "transaction" : "HTTP Request",
    "sampleCount" : 1970,
    "errorCount" : 0,
    "errorPct" : 0.0,
    "meanResTime" : 5568.318781725888,
    "medianResTime" : 3747.0,
    "minResTime" : 2008.0,
    "maxResTime" : 29275.0,
    "pct1ResTime" : 9272.0,
    "pct2ResTime" : 18401.199999999993,
    "pct3ResTime" : 25704.0,
    "throughput" : 1.0777725013732025,
    "receivedKBytesPerSec" : 0.43845094104037324,
    "sentKBytesPerSec" : 0.27470568638516196
  }
}